"project","language","article","access","agent","granularity","date","views"
"wikipedia","de","Wirtschaftswunder","all-access","all-agents","daily",2015-07-01,408
"wikipedia","de","Wirtschaftswunder","all-access","all-agents","daily",2015-07-02,346
"wikipedia","de","Wirtschaftswunder","all-access","all-agents","daily",2015-07-03,276
"wikipedia","de","Wirtschaftswunder","all-access","all-agents","daily",2015-07-04,201
"wikipedia","de","Wirtschaftswunder","all-access","all-agents","daily",2015-07-05,304
"wikipedia","de","Wirtschaftswunder","all-access","all-agents","daily",2015-07-06,352
"wikipedia","de","Wirtschaftswunder","all-access","all-agents","daily",2015-07-07,404
"wikipedia","de","Wirtschaftswunder","all-access","all-agents","daily",2015-07-08,402
"wikipedia","de","Wirtschaftswunder","all-access","all-agents","daily",2015-07-09,327
"wikipedia","de","Wirtschaftswunder","all-access","all-agents","daily",2015-07-10,299
"wikipedia","de","Wirtschaftswunder","all-access","all-agents","daily",2015-07-11,188
"wikipedia","de","Wirtschaftswunder","all-access","all-agents","daily",2015-07-12,233
"wikipedia","de","Wirtschaftswunder","all-access","all-agents","daily",2015-07-13,358
"wikipedia","de","Wirtschaftswunder","all-access","all-agents","daily",2015-07-14,261
"wikipedia","de","Wirtschaftswunder","all-access","all-agents","daily",2015-07-15,275
"wikipedia","de","Wirtschaftswunder","all-access","all-agents","daily",2015-07-16,247
"wikipedia","de","Wirtschaftswunder","all-access","all-agents","daily",2015-07-17,220
"wikipedia","de","Wirtschaftswunder","all-access","all-agents","daily",2015-07-18,168
"wikipedia","de","Wirtschaftswunder","all-access","all-agents","daily",2015-07-19,224
"wikipedia","de","Wirtschaftswunder","all-access","all-agents","daily",2015-07-20,202
"wikipedia","de","Wirtschaftswunder","all-access","all-agents","daily",2015-07-21,214
"wikipedia","de","Wirtschaftswunder","all-access","all-agents","daily",2015-07-22,236
"wikipedia","de","Wirtschaftswunder","all-access","all-agents","daily",2015-07-23,193
"wikipedia","de","Wirtschaftswunder","all-access","all-agents","daily",2015-07-24,141
"wikipedia","de","Wirtschaftswunder","all-access","all-agents","daily",2015-07-25,148
"wikipedia","de","Wirtschaftswunder","all-access","all-agents","daily",2015-07-26,151
"wikipedia","de","Wirtschaftswunder","all-access","all-agents","daily",2015-07-27,180
"wikipedia","de","Wirtschaftswunder","all-access","all-agents","daily",2015-07-28,242
"wikipedia","de","Wirtschaftswunder","all-access","all-agents","daily",2015-07-29,173
"wikipedia","de","Wirtschaftswunder","all-access","all-agents","daily",2015-07-30,177
"wikipedia","de","Wirtschaftswunder","all-access","all-agents","daily",2015-07-31,163
"wikipedia","de","Wirtschaftswunder","all-access","all-agents","daily",2015-08-01,131
"wikipedia","de","Wirtschaftswunder","all-access","all-agents","daily",2015-08-02,129
"wikipedia","de","Wirtschaftswunder","all-access","all-agents","daily",2015-08-03,131
"wikipedia","de","Wirtschaftswunder","all-access","all-agents","daily",2015-08-04,173
"wikipedia","de","Wirtschaftswunder","all-access","all-agents","daily",2015-08-05,144
"wikipedia","de","Wirtschaftswunder","all-access","all-agents","daily",2015-08-06,175
"wikipedia","de","Wirtschaftswunder","all-access","all-agents","daily",2015-08-07,159
"wikipedia","de","Wirtschaftswunder","all-access","all-agents","daily",2015-08-08,147
"wikipedia","de","Wirtschaftswunder","all-access","all-agents","daily",2015-08-09,179
"wikipedia","de","Wirtschaftswunder","all-access","all-agents","daily",2015-08-10,162
"wikipedia","de","Wirtschaftswunder","all-access","all-agents","daily",2015-08-11,195
"wikipedia","de","Wirtschaftswunder","all-access","all-agents","daily",2015-08-12,201
"wikipedia","de","Wirtschaftswunder","all-access","all-agents","daily",2015-08-13,180
"wikipedia","de","Wirtschaftswunder","all-access","all-agents","daily",2015-08-14,181
"wikipedia","de","Wirtschaftswunder","all-access","all-agents","daily",2015-08-15,175
"wikipedia","de","Wirtschaftswunder","all-access","all-agents","daily",2015-08-16,204
"wikipedia","de","Wirtschaftswunder","all-access","all-agents","daily",2015-08-17,250
"wikipedia","de","Wirtschaftswunder","all-access","all-agents","daily",2015-08-18,271
"wikipedia","de","Wirtschaftswunder","all-access","all-agents","daily",2015-08-19,357
"wikipedia","de","Wirtschaftswunder","all-access","all-agents","daily",2015-08-20,269
"wikipedia","de","Wirtschaftswunder","all-access","all-agents","daily",2015-08-21,191
"wikipedia","de","Wirtschaftswunder","all-access","all-agents","daily",2015-08-22,149
"wikipedia","de","Wirtschaftswunder","all-access","all-agents","daily",2015-08-23,185
"wikipedia","de","Wirtschaftswunder","all-access","all-agents","daily",2015-08-24,242
"wikipedia","de","Wirtschaftswunder","all-access","all-agents","daily",2015-08-25,248
"wikipedia","de","Wirtschaftswunder","all-access","all-agents","daily",2015-08-26,230
"wikipedia","de","Wirtschaftswunder","all-access","all-agents","daily",2015-08-27,242
"wikipedia","de","Wirtschaftswunder","all-access","all-agents","daily",2015-08-28,203
"wikipedia","de","Wirtschaftswunder","all-access","all-agents","daily",2015-08-29,162
"wikipedia","de","Wirtschaftswunder","all-access","all-agents","daily",2015-08-30,208
"wikipedia","de","Wirtschaftswunder","all-access","all-agents","daily",2015-08-31,248
"wikipedia","de","Wirtschaftswunder","all-access","all-agents","daily",2015-09-01,288
"wikipedia","de","Wirtschaftswunder","all-access","all-agents","daily",2015-09-02,317
"wikipedia","de","Wirtschaftswunder","all-access","all-agents","daily",2015-09-03,238
"wikipedia","de","Wirtschaftswunder","all-access","all-agents","daily",2015-09-04,250
"wikipedia","de","Wirtschaftswunder","all-access","all-agents","daily",2015-09-05,168
"wikipedia","de","Wirtschaftswunder","all-access","all-agents","daily",2015-09-06,281
"wikipedia","de","Wirtschaftswunder","all-access","all-agents","daily",2015-09-07,315
"wikipedia","de","Wirtschaftswunder","all-access","all-agents","daily",2015-09-08,363
"wikipedia","de","Wirtschaftswunder","all-access","all-agents","daily",2015-09-09,338
"wikipedia","de","Wirtschaftswunder","all-access","all-agents","daily",2015-09-10,320
"wikipedia","de","Wirtschaftswunder","all-access","all-agents","daily",2015-09-11,262
"wikipedia","de","Wirtschaftswunder","all-access","all-agents","daily",2015-09-12,214
"wikipedia","de","Wirtschaftswunder","all-access","all-agents","daily",2015-09-13,304
"wikipedia","de","Wirtschaftswunder","all-access","all-agents","daily",2015-09-14,388
"wikipedia","de","Wirtschaftswunder","all-access","all-agents","daily",2015-09-15,464
"wikipedia","de","Wirtschaftswunder","all-access","all-agents","daily",2015-09-16,420
"wikipedia","de","Wirtschaftswunder","all-access","all-agents","daily",2015-09-17,419
"wikipedia","de","Wirtschaftswunder","all-access","all-agents","daily",2015-09-18,307
"wikipedia","de","Wirtschaftswunder","all-access","all-agents","daily",2015-09-19,254
"wikipedia","de","Wirtschaftswunder","all-access","all-agents","daily",2015-09-20,355
"wikipedia","de","Wirtschaftswunder","all-access","all-agents","daily",2015-09-21,399
"wikipedia","de","Wirtschaftswunder","all-access","all-agents","daily",2015-09-22,383
"wikipedia","de","Wirtschaftswunder","all-access","all-agents","daily",2015-09-23,428
"wikipedia","de","Wirtschaftswunder","all-access","all-agents","daily",2015-09-24,360
"wikipedia","de","Wirtschaftswunder","all-access","all-agents","daily",2015-09-25,226
"wikipedia","de","Wirtschaftswunder","all-access","all-agents","daily",2015-09-26,192
"wikipedia","de","Wirtschaftswunder","all-access","all-agents","daily",2015-09-27,325
"wikipedia","de","Wirtschaftswunder","all-access","all-agents","daily",2015-09-28,418
"wikipedia","de","Wirtschaftswunder","all-access","all-agents","daily",2015-09-29,420
"wikipedia","de","Wirtschaftswunder","all-access","all-agents","daily",2015-09-30,344
"wikipedia","de","Wirtschaftswunder","all-access","all-agents","daily",2015-10-01,302
"wikipedia","de","Wirtschaftswunder","all-access","all-agents","daily",2015-10-02,238
"wikipedia","de","Wirtschaftswunder","all-access","all-agents","daily",2015-10-03,251
"wikipedia","de","Wirtschaftswunder","all-access","all-agents","daily",2015-10-04,249
"wikipedia","de","Wirtschaftswunder","all-access","all-agents","daily",2015-10-05,346
"wikipedia","de","Wirtschaftswunder","all-access","all-agents","daily",2015-10-06,400
"wikipedia","de","Wirtschaftswunder","all-access","all-agents","daily",2015-10-07,567
"wikipedia","de","Wirtschaftswunder","all-access","all-agents","daily",2015-10-08,392
"wikipedia","de","Wirtschaftswunder","all-access","all-agents","daily",2015-10-09,224
"wikipedia","de","Wirtschaftswunder","all-access","all-agents","daily",2015-10-10,208
"wikipedia","de","Wirtschaftswunder","all-access","all-agents","daily",2015-10-11,290
"wikipedia","de","Wirtschaftswunder","all-access","all-agents","daily",2015-10-12,385
"wikipedia","de","Wirtschaftswunder","all-access","all-agents","daily",2015-10-13,370
"wikipedia","de","Wirtschaftswunder","all-access","all-agents","daily",2015-10-14,343
"wikipedia","de","Wirtschaftswunder","all-access","all-agents","daily",2015-10-15,304
"wikipedia","de","Wirtschaftswunder","all-access","all-agents","daily",2015-10-16,230
"wikipedia","de","Wirtschaftswunder","all-access","all-agents","daily",2015-10-17,202
"wikipedia","de","Wirtschaftswunder","all-access","all-agents","daily",2015-10-18,302
"wikipedia","de","Wirtschaftswunder","all-access","all-agents","daily",2015-10-19,443
"wikipedia","de","Wirtschaftswunder","all-access","all-agents","daily",2015-10-20,313
"wikipedia","de","Wirtschaftswunder","all-access","all-agents","daily",2015-10-21,333
"wikipedia","de","Wirtschaftswunder","all-access","all-agents","daily",2015-10-22,303
"wikipedia","de","Wirtschaftswunder","all-access","all-agents","daily",2015-10-23,247
"wikipedia","de","Wirtschaftswunder","all-access","all-agents","daily",2015-10-24,208
"wikipedia","de","Wirtschaftswunder","all-access","all-agents","daily",2015-10-25,315
"wikipedia","de","Wirtschaftswunder","all-access","all-agents","daily",2015-10-26,372
"wikipedia","de","Wirtschaftswunder","all-access","all-agents","daily",2015-10-27,372
"wikipedia","de","Wirtschaftswunder","all-access","all-agents","daily",2015-10-28,362
"wikipedia","de","Wirtschaftswunder","all-access","all-agents","daily",2015-10-29,315
"wikipedia","de","Wirtschaftswunder","all-access","all-agents","daily",2015-10-30,222
"wikipedia","de","Wirtschaftswunder","all-access","all-agents","daily",2015-10-31,229
"wikipedia","de","Wirtschaftswunder","all-access","all-agents","daily",2015-11-01,342
"wikipedia","de","Wirtschaftswunder","all-access","all-agents","daily",2015-11-02,438
"wikipedia","de","Wirtschaftswunder","all-access","all-agents","daily",2015-11-03,429
"wikipedia","de","Wirtschaftswunder","all-access","all-agents","daily",2015-11-04,413
"wikipedia","de","Wirtschaftswunder","all-access","all-agents","daily",2015-11-05,450
"wikipedia","de","Wirtschaftswunder","all-access","all-agents","daily",2015-11-06,303
"wikipedia","de","Wirtschaftswunder","all-access","all-agents","daily",2015-11-07,263
"wikipedia","de","Wirtschaftswunder","all-access","all-agents","daily",2015-11-08,422
"wikipedia","de","Wirtschaftswunder","all-access","all-agents","daily",2015-11-09,626
"wikipedia","de","Wirtschaftswunder","all-access","all-agents","daily",2015-11-10,647
"wikipedia","de","Wirtschaftswunder","all-access","all-agents","daily",2015-11-11,582
"wikipedia","de","Wirtschaftswunder","all-access","all-agents","daily",2015-11-12,561
"wikipedia","de","Wirtschaftswunder","all-access","all-agents","daily",2015-11-13,305
"wikipedia","de","Wirtschaftswunder","all-access","all-agents","daily",2015-11-14,290
"wikipedia","de","Wirtschaftswunder","all-access","all-agents","daily",2015-11-15,498
"wikipedia","de","Wirtschaftswunder","all-access","all-agents","daily",2015-11-16,486
"wikipedia","de","Wirtschaftswunder","all-access","all-agents","daily",2015-11-17,450
"wikipedia","de","Wirtschaftswunder","all-access","all-agents","daily",2015-11-18,606
"wikipedia","de","Wirtschaftswunder","all-access","all-agents","daily",2015-11-19,484
"wikipedia","de","Wirtschaftswunder","all-access","all-agents","daily",2015-11-20,336
"wikipedia","de","Wirtschaftswunder","all-access","all-agents","daily",2015-11-21,300
"wikipedia","de","Wirtschaftswunder","all-access","all-agents","daily",2015-11-22,542
"wikipedia","de","Wirtschaftswunder","all-access","all-agents","daily",2015-11-23,574
"wikipedia","de","Wirtschaftswunder","all-access","all-agents","daily",2015-11-24,630
"wikipedia","de","Wirtschaftswunder","all-access","all-agents","daily",2015-11-25,550
"wikipedia","de","Wirtschaftswunder","all-access","all-agents","daily",2015-11-26,494
"wikipedia","de","Wirtschaftswunder","all-access","all-agents","daily",2015-11-27,419
"wikipedia","de","Wirtschaftswunder","all-access","all-agents","daily",2015-11-28,258
"wikipedia","de","Wirtschaftswunder","all-access","all-agents","daily",2015-11-29,472
"wikipedia","de","Wirtschaftswunder","all-access","all-agents","daily",2015-11-30,537
"wikipedia","de","Wirtschaftswunder","all-access","all-agents","daily",2015-12-01,646
"wikipedia","de","Wirtschaftswunder","all-access","all-agents","daily",2015-12-02,517
"wikipedia","de","Wirtschaftswunder","all-access","all-agents","daily",2015-12-03,534
"wikipedia","de","Wirtschaftswunder","all-access","all-agents","daily",2015-12-04,357
"wikipedia","de","Wirtschaftswunder","all-access","all-agents","daily",2015-12-05,290
"wikipedia","de","Wirtschaftswunder","all-access","all-agents","daily",2015-12-06,465
"wikipedia","de","Wirtschaftswunder","all-access","all-agents","daily",2015-12-07,674
"wikipedia","de","Wirtschaftswunder","all-access","all-agents","daily",2015-12-08,624
"wikipedia","de","Wirtschaftswunder","all-access","all-agents","daily",2015-12-09,590
"wikipedia","de","Wirtschaftswunder","all-access","all-agents","daily",2015-12-10,571
"wikipedia","de","Wirtschaftswunder","all-access","all-agents","daily",2015-12-11,390
"wikipedia","de","Wirtschaftswunder","all-access","all-agents","daily",2015-12-12,285
"wikipedia","de","Wirtschaftswunder","all-access","all-agents","daily",2015-12-13,502
"wikipedia","de","Wirtschaftswunder","all-access","all-agents","daily",2015-12-14,589
"wikipedia","de","Wirtschaftswunder","all-access","all-agents","daily",2015-12-15,527
"wikipedia","de","Wirtschaftswunder","all-access","all-agents","daily",2015-12-16,514
"wikipedia","de","Wirtschaftswunder","all-access","all-agents","daily",2015-12-17,411
"wikipedia","de","Wirtschaftswunder","all-access","all-agents","daily",2015-12-18,243
"wikipedia","de","Wirtschaftswunder","all-access","all-agents","daily",2015-12-19,263
"wikipedia","de","Wirtschaftswunder","all-access","all-agents","daily",2015-12-20,386
"wikipedia","de","Wirtschaftswunder","all-access","all-agents","daily",2015-12-21,278
"wikipedia","de","Wirtschaftswunder","all-access","all-agents","daily",2015-12-22,195
"wikipedia","de","Wirtschaftswunder","all-access","all-agents","daily",2015-12-23,196
"wikipedia","de","Wirtschaftswunder","all-access","all-agents","daily",2015-12-24,112
"wikipedia","de","Wirtschaftswunder","all-access","all-agents","daily",2015-12-25,153
"wikipedia","de","Wirtschaftswunder","all-access","all-agents","daily",2015-12-26,129
"wikipedia","de","Wirtschaftswunder","all-access","all-agents","daily",2015-12-27,278
"wikipedia","de","Wirtschaftswunder","all-access","all-agents","daily",2015-12-28,215
"wikipedia","de","Wirtschaftswunder","all-access","all-agents","daily",2015-12-29,241
"wikipedia","de","Wirtschaftswunder","all-access","all-agents","daily",2015-12-30,267
"wikipedia","de","Wirtschaftswunder","all-access","all-agents","daily",2015-12-31,150
"wikipedia","de","Wirtschaftswunder","all-access","all-agents","daily",2016-01-01,175
"wikipedia","de","Wirtschaftswunder","all-access","all-agents","daily",2016-01-02,264
"wikipedia","de","Wirtschaftswunder","all-access","all-agents","daily",2016-01-03,295
"wikipedia","de","Wirtschaftswunder","all-access","all-agents","daily",2016-01-04,344
"wikipedia","de","Wirtschaftswunder","all-access","all-agents","daily",2016-01-05,357
"wikipedia","de","Wirtschaftswunder","all-access","all-agents","daily",2016-01-06,489
"wikipedia","de","Wirtschaftswunder","all-access","all-agents","daily",2016-01-07,465
"wikipedia","de","Wirtschaftswunder","all-access","all-agents","daily",2016-01-08,406
"wikipedia","de","Wirtschaftswunder","all-access","all-agents","daily",2016-01-09,358
"wikipedia","de","Wirtschaftswunder","all-access","all-agents","daily",2016-01-10,511
"wikipedia","de","Wirtschaftswunder","all-access","all-agents","daily",2016-01-11,533
"wikipedia","de","Wirtschaftswunder","all-access","all-agents","daily",2016-01-12,649
"wikipedia","de","Wirtschaftswunder","all-access","all-agents","daily",2016-01-13,576
"wikipedia","de","Wirtschaftswunder","all-access","all-agents","daily",2016-01-14,517
"wikipedia","de","Wirtschaftswunder","all-access","all-agents","daily",2016-01-15,336
"wikipedia","de","Wirtschaftswunder","all-access","all-agents","daily",2016-01-16,347
"wikipedia","de","Wirtschaftswunder","all-access","all-agents","daily",2016-01-17,469
"wikipedia","de","Wirtschaftswunder","all-access","all-agents","daily",2016-01-18,550
"wikipedia","de","Wirtschaftswunder","all-access","all-agents","daily",2016-01-19,576
"wikipedia","de","Wirtschaftswunder","all-access","all-agents","daily",2016-01-20,564
"wikipedia","de","Wirtschaftswunder","all-access","all-agents","daily",2016-01-21,455
"wikipedia","de","Wirtschaftswunder","all-access","all-agents","daily",2016-01-22,323
"wikipedia","de","Wirtschaftswunder","all-access","all-agents","daily",2016-01-23,289
"wikipedia","de","Wirtschaftswunder","all-access","all-agents","daily",2016-01-24,519
"wikipedia","de","Wirtschaftswunder","all-access","all-agents","daily",2016-01-25,526
"wikipedia","de","Wirtschaftswunder","all-access","all-agents","daily",2016-01-26,486
"wikipedia","de","Wirtschaftswunder","all-access","all-agents","daily",2016-01-27,491
"wikipedia","de","Wirtschaftswunder","all-access","all-agents","daily",2016-01-28,450
"wikipedia","de","Wirtschaftswunder","all-access","all-agents","daily",2016-01-29,281
"wikipedia","de","Wirtschaftswunder","all-access","all-agents","daily",2016-01-30,250
"wikipedia","de","Wirtschaftswunder","all-access","all-agents","daily",2016-01-31,349
"wikipedia","de","Wirtschaftswunder","all-access","all-agents","daily",2016-02-01,487
"wikipedia","de","Wirtschaftswunder","all-access","all-agents","daily",2016-02-02,504
"wikipedia","de","Wirtschaftswunder","all-access","all-agents","daily",2016-02-03,443
"wikipedia","de","Wirtschaftswunder","all-access","all-agents","daily",2016-02-04,364
"wikipedia","de","Wirtschaftswunder","all-access","all-agents","daily",2016-02-05,315
"wikipedia","de","Wirtschaftswunder","all-access","all-agents","daily",2016-02-06,203
"wikipedia","de","Wirtschaftswunder","all-access","all-agents","daily",2016-02-07,288
"wikipedia","de","Wirtschaftswunder","all-access","all-agents","daily",2016-02-08,365
"wikipedia","de","Wirtschaftswunder","all-access","all-agents","daily",2016-02-09,456
"wikipedia","de","Wirtschaftswunder","all-access","all-agents","daily",2016-02-10,510
"wikipedia","de","Wirtschaftswunder","all-access","all-agents","daily",2016-02-11,396
"wikipedia","de","Wirtschaftswunder","all-access","all-agents","daily",2016-02-12,314
"wikipedia","de","Wirtschaftswunder","all-access","all-agents","daily",2016-02-13,322
"wikipedia","de","Wirtschaftswunder","all-access","all-agents","daily",2016-02-14,416
"wikipedia","de","Wirtschaftswunder","all-access","all-agents","daily",2016-02-15,486
"wikipedia","de","Wirtschaftswunder","all-access","all-agents","daily",2016-02-16,500
"wikipedia","de","Wirtschaftswunder","all-access","all-agents","daily",2016-02-17,513
"wikipedia","de","Wirtschaftswunder","all-access","all-agents","daily",2016-02-18,483
"wikipedia","de","Wirtschaftswunder","all-access","all-agents","daily",2016-02-19,359
"wikipedia","de","Wirtschaftswunder","all-access","all-agents","daily",2016-02-20,345
"wikipedia","de","Wirtschaftswunder","all-access","all-agents","daily",2016-02-21,467
"wikipedia","de","Wirtschaftswunder","all-access","all-agents","daily",2016-02-22,562
"wikipedia","de","Wirtschaftswunder","all-access","all-agents","daily",2016-02-23,525
"wikipedia","de","Wirtschaftswunder","all-access","all-agents","daily",2016-02-24,600
"wikipedia","de","Wirtschaftswunder","all-access","all-agents","daily",2016-02-25,502
"wikipedia","de","Wirtschaftswunder","all-access","all-agents","daily",2016-02-26,369
"wikipedia","de","Wirtschaftswunder","all-access","all-agents","daily",2016-02-27,295
"wikipedia","de","Wirtschaftswunder","all-access","all-agents","daily",2016-02-28,502
"wikipedia","de","Wirtschaftswunder","all-access","all-agents","daily",2016-02-29,569
"wikipedia","de","Wirtschaftswunder","all-access","all-agents","daily",2016-03-01,519
"wikipedia","de","Wirtschaftswunder","all-access","all-agents","daily",2016-03-02,485
"wikipedia","de","Wirtschaftswunder","all-access","all-agents","daily",2016-03-03,522
"wikipedia","de","Wirtschaftswunder","all-access","all-agents","daily",2016-03-04,476
"wikipedia","de","Wirtschaftswunder","all-access","all-agents","daily",2016-03-05,320
"wikipedia","de","Wirtschaftswunder","all-access","all-agents","daily",2016-03-06,543
"wikipedia","de","Wirtschaftswunder","all-access","all-agents","daily",2016-03-07,542
"wikipedia","de","Wirtschaftswunder","all-access","all-agents","daily",2016-03-08,572
"wikipedia","de","Wirtschaftswunder","all-access","all-agents","daily",2016-03-09,483
"wikipedia","de","Wirtschaftswunder","all-access","all-agents","daily",2016-03-10,459
"wikipedia","de","Wirtschaftswunder","all-access","all-agents","daily",2016-03-11,345
"wikipedia","de","Wirtschaftswunder","all-access","all-agents","daily",2016-03-12,295
"wikipedia","de","Wirtschaftswunder","all-access","all-agents","daily",2016-03-13,482
"wikipedia","de","Wirtschaftswunder","all-access","all-agents","daily",2016-03-14,484
"wikipedia","de","Wirtschaftswunder","all-access","all-agents","daily",2016-03-15,490
"wikipedia","de","Wirtschaftswunder","all-access","all-agents","daily",2016-03-16,444
"wikipedia","de","Wirtschaftswunder","all-access","all-agents","daily",2016-03-17,405
"wikipedia","de","Wirtschaftswunder","all-access","all-agents","daily",2016-03-18,245
"wikipedia","de","Wirtschaftswunder","all-access","all-agents","daily",2016-03-19,214
"wikipedia","de","Wirtschaftswunder","all-access","all-agents","daily",2016-03-20,406
"wikipedia","de","Wirtschaftswunder","all-access","all-agents","daily",2016-03-21,463
"wikipedia","de","Wirtschaftswunder","all-access","all-agents","daily",2016-03-22,406
"wikipedia","de","Wirtschaftswunder","all-access","all-agents","daily",2016-03-23,378
"wikipedia","de","Wirtschaftswunder","all-access","all-agents","daily",2016-03-24,314
"wikipedia","de","Wirtschaftswunder","all-access","all-agents","daily",2016-03-25,277
"wikipedia","de","Wirtschaftswunder","all-access","all-agents","daily",2016-03-26,209
"wikipedia","de","Wirtschaftswunder","all-access","all-agents","daily",2016-03-27,215
"wikipedia","de","Wirtschaftswunder","all-access","all-agents","daily",2016-03-28,328
"wikipedia","de","Wirtschaftswunder","all-access","all-agents","daily",2016-03-29,315
"wikipedia","de","Wirtschaftswunder","all-access","all-agents","daily",2016-03-30,345
"wikipedia","de","Wirtschaftswunder","all-access","all-agents","daily",2016-03-31,344
"wikipedia","de","Wirtschaftswunder","all-access","all-agents","daily",2016-04-01,276
"wikipedia","de","Wirtschaftswunder","all-access","all-agents","daily",2016-04-02,286
"wikipedia","de","Wirtschaftswunder","all-access","all-agents","daily",2016-04-03,327
"wikipedia","de","Wirtschaftswunder","all-access","all-agents","daily",2016-04-04,466
"wikipedia","de","Wirtschaftswunder","all-access","all-agents","daily",2016-04-05,557
"wikipedia","de","Wirtschaftswunder","all-access","all-agents","daily",2016-04-06,536
"wikipedia","de","Wirtschaftswunder","all-access","all-agents","daily",2016-04-07,416
"wikipedia","de","Wirtschaftswunder","all-access","all-agents","daily",2016-04-08,316
"wikipedia","de","Wirtschaftswunder","all-access","all-agents","daily",2016-04-09,249
"wikipedia","de","Wirtschaftswunder","all-access","all-agents","daily",2016-04-10,357
"wikipedia","de","Wirtschaftswunder","all-access","all-agents","daily",2016-04-11,458
"wikipedia","de","Wirtschaftswunder","all-access","all-agents","daily",2016-04-12,440
"wikipedia","de","Wirtschaftswunder","all-access","all-agents","daily",2016-04-13,499
"wikipedia","de","Wirtschaftswunder","all-access","all-agents","daily",2016-04-14,396
"wikipedia","de","Wirtschaftswunder","all-access","all-agents","daily",2016-04-15,280
"wikipedia","de","Wirtschaftswunder","all-access","all-agents","daily",2016-04-16,274
"wikipedia","de","Wirtschaftswunder","all-access","all-agents","daily",2016-04-17,441
"wikipedia","de","Wirtschaftswunder","all-access","all-agents","daily",2016-04-18,517
"wikipedia","de","Wirtschaftswunder","all-access","all-agents","daily",2016-04-19,517
"wikipedia","de","Wirtschaftswunder","all-access","all-agents","daily",2016-04-20,469
"wikipedia","de","Wirtschaftswunder","all-access","all-agents","daily",2016-04-21,437
"wikipedia","de","Wirtschaftswunder","all-access","all-agents","daily",2016-04-22,325
"wikipedia","de","Wirtschaftswunder","all-access","all-agents","daily",2016-04-23,265
"wikipedia","de","Wirtschaftswunder","all-access","all-agents","daily",2016-04-24,447
"wikipedia","de","Wirtschaftswunder","all-access","all-agents","daily",2016-04-25,549
"wikipedia","de","Wirtschaftswunder","all-access","all-agents","daily",2016-04-26,525
"wikipedia","de","Wirtschaftswunder","all-access","all-agents","daily",2016-04-27,462
"wikipedia","de","Wirtschaftswunder","all-access","all-agents","daily",2016-04-28,448
"wikipedia","de","Wirtschaftswunder","all-access","all-agents","daily",2016-04-29,355
"wikipedia","de","Wirtschaftswunder","all-access","all-agents","daily",2016-04-30,258
"wikipedia","de","Wirtschaftswunder","all-access","all-agents","daily",2016-05-01,419
"wikipedia","de","Wirtschaftswunder","all-access","all-agents","daily",2016-05-02,469
"wikipedia","de","Wirtschaftswunder","all-access","all-agents","daily",2016-05-03,517
"wikipedia","de","Wirtschaftswunder","all-access","all-agents","daily",2016-05-04,328
"wikipedia","de","Wirtschaftswunder","all-access","all-agents","daily",2016-05-05,251
"wikipedia","de","Wirtschaftswunder","all-access","all-agents","daily",2016-05-06,275
"wikipedia","de","Wirtschaftswunder","all-access","all-agents","daily",2016-05-07,237
"wikipedia","de","Wirtschaftswunder","all-access","all-agents","daily",2016-05-08,456
"wikipedia","de","Wirtschaftswunder","all-access","all-agents","daily",2016-05-09,535
"wikipedia","de","Wirtschaftswunder","all-access","all-agents","daily",2016-05-10,430
"wikipedia","de","Wirtschaftswunder","all-access","all-agents","daily",2016-05-11,545
"wikipedia","de","Wirtschaftswunder","all-access","all-agents","daily",2016-05-12,448
"wikipedia","de","Wirtschaftswunder","all-access","all-agents","daily",2016-05-13,289
"wikipedia","de","Wirtschaftswunder","all-access","all-agents","daily",2016-05-14,179
"wikipedia","de","Wirtschaftswunder","all-access","all-agents","daily",2016-05-15,263
"wikipedia","de","Wirtschaftswunder","all-access","all-agents","daily",2016-05-16,315
"wikipedia","de","Wirtschaftswunder","all-access","all-agents","daily",2016-05-17,435
"wikipedia","de","Wirtschaftswunder","all-access","all-agents","daily",2016-05-18,477
"wikipedia","de","Wirtschaftswunder","all-access","all-agents","daily",2016-05-19,424
"wikipedia","de","Wirtschaftswunder","all-access","all-agents","daily",2016-05-20,303
"wikipedia","de","Wirtschaftswunder","all-access","all-agents","daily",2016-05-21,243
"wikipedia","de","Wirtschaftswunder","all-access","all-agents","daily",2016-05-22,366
"wikipedia","de","Wirtschaftswunder","all-access","all-agents","daily",2016-05-23,477
"wikipedia","de","Wirtschaftswunder","all-access","all-agents","daily",2016-05-24,517
"wikipedia","de","Wirtschaftswunder","all-access","all-agents","daily",2016-05-25,462
"wikipedia","de","Wirtschaftswunder","all-access","all-agents","daily",2016-05-26,395
"wikipedia","de","Wirtschaftswunder","all-access","all-agents","daily",2016-05-27,355
"wikipedia","de","Wirtschaftswunder","all-access","all-agents","daily",2016-05-28,280
"wikipedia","de","Wirtschaftswunder","all-access","all-agents","daily",2016-05-29,524
"wikipedia","de","Wirtschaftswunder","all-access","all-agents","daily",2016-05-30,575
"wikipedia","de","Wirtschaftswunder","all-access","all-agents","daily",2016-05-31,560
"wikipedia","de","Wirtschaftswunder","all-access","all-agents","daily",2016-06-01,507
"wikipedia","de","Wirtschaftswunder","all-access","all-agents","daily",2016-06-02,481
"wikipedia","de","Wirtschaftswunder","all-access","all-agents","daily",2016-06-03,330
"wikipedia","de","Wirtschaftswunder","all-access","all-agents","daily",2016-06-04,355
"wikipedia","de","Wirtschaftswunder","all-access","all-agents","daily",2016-06-05,603
"wikipedia","de","Wirtschaftswunder","all-access","all-agents","daily",2016-06-06,617
"wikipedia","de","Wirtschaftswunder","all-access","all-agents","daily",2016-06-07,484
"wikipedia","de","Wirtschaftswunder","all-access","all-agents","daily",2016-06-08,551
"wikipedia","de","Wirtschaftswunder","all-access","all-agents","daily",2016-06-09,485
"wikipedia","de","Wirtschaftswunder","all-access","all-agents","daily",2016-06-10,314
"wikipedia","de","Wirtschaftswunder","all-access","all-agents","daily",2016-06-11,298
"wikipedia","de","Wirtschaftswunder","all-access","all-agents","daily",2016-06-12,475
"wikipedia","de","Wirtschaftswunder","all-access","all-agents","daily",2016-06-13,508
"wikipedia","de","Wirtschaftswunder","all-access","all-agents","daily",2016-06-14,593
"wikipedia","de","Wirtschaftswunder","all-access","all-agents","daily",2016-06-15,581
"wikipedia","de","Wirtschaftswunder","all-access","all-agents","daily",2016-06-16,469
"wikipedia","de","Wirtschaftswunder","all-access","all-agents","daily",2016-06-17,426
"wikipedia","de","Wirtschaftswunder","all-access","all-agents","daily",2016-06-18,329
"wikipedia","de","Wirtschaftswunder","all-access","all-agents","daily",2016-06-19,438
"wikipedia","de","Wirtschaftswunder","all-access","all-agents","daily",2016-06-20,610
"wikipedia","de","Wirtschaftswunder","all-access","all-agents","daily",2016-06-21,445
"wikipedia","de","Wirtschaftswunder","all-access","all-agents","daily",2016-06-22,455
"wikipedia","de","Wirtschaftswunder","all-access","all-agents","daily",2016-06-23,373
"wikipedia","de","Wirtschaftswunder","all-access","all-agents","daily",2016-06-24,314
"wikipedia","de","Wirtschaftswunder","all-access","all-agents","daily",2016-06-25,317
"wikipedia","de","Wirtschaftswunder","all-access","all-agents","daily",2016-06-26,430
"wikipedia","de","Wirtschaftswunder","all-access","all-agents","daily",2016-06-27,379
"wikipedia","de","Wirtschaftswunder","all-access","all-agents","daily",2016-06-28,391
"wikipedia","de","Wirtschaftswunder","all-access","all-agents","daily",2016-06-29,327
"wikipedia","de","Wirtschaftswunder","all-access","all-agents","daily",2016-06-30,312
"wikipedia","de","Wirtschaftswunder","all-access","all-agents","daily",2016-07-01,206
"wikipedia","de","Wirtschaftswunder","all-access","all-agents","daily",2016-07-02,191
"wikipedia","de","Wirtschaftswunder","all-access","all-agents","daily",2016-07-03,291
"wikipedia","de","Wirtschaftswunder","all-access","all-agents","daily",2016-07-04,398
"wikipedia","de","Wirtschaftswunder","all-access","all-agents","daily",2016-07-05,287
"wikipedia","de","Wirtschaftswunder","all-access","all-agents","daily",2016-07-06,299
"wikipedia","de","Wirtschaftswunder","all-access","all-agents","daily",2016-07-07,275
"wikipedia","de","Wirtschaftswunder","all-access","all-agents","daily",2016-07-08,172
"wikipedia","de","Wirtschaftswunder","all-access","all-agents","daily",2016-07-09,168
"wikipedia","de","Wirtschaftswunder","all-access","all-agents","daily",2016-07-10,179
"wikipedia","de","Wirtschaftswunder","all-access","all-agents","daily",2016-07-11,258
"wikipedia","de","Wirtschaftswunder","all-access","all-agents","daily",2016-07-12,246
"wikipedia","de","Wirtschaftswunder","all-access","all-agents","daily",2016-07-13,251
"wikipedia","de","Wirtschaftswunder","all-access","all-agents","daily",2016-07-14,189
"wikipedia","de","Wirtschaftswunder","all-access","all-agents","daily",2016-07-15,173
"wikipedia","de","Wirtschaftswunder","all-access","all-agents","daily",2016-07-16,155
"wikipedia","de","Wirtschaftswunder","all-access","all-agents","daily",2016-07-17,217
"wikipedia","de","Wirtschaftswunder","all-access","all-agents","daily",2016-07-18,225
"wikipedia","de","Wirtschaftswunder","all-access","all-agents","daily",2016-07-19,183
"wikipedia","de","Wirtschaftswunder","all-access","all-agents","daily",2016-07-20,207
"wikipedia","de","Wirtschaftswunder","all-access","all-agents","daily",2016-07-21,176
"wikipedia","de","Wirtschaftswunder","all-access","all-agents","daily",2016-07-22,145
"wikipedia","de","Wirtschaftswunder","all-access","all-agents","daily",2016-07-23,131
"wikipedia","de","Wirtschaftswunder","all-access","all-agents","daily",2016-07-24,122
"wikipedia","de","Wirtschaftswunder","all-access","all-agents","daily",2016-07-25,192
"wikipedia","de","Wirtschaftswunder","all-access","all-agents","daily",2016-07-26,170
"wikipedia","de","Wirtschaftswunder","all-access","all-agents","daily",2016-07-27,200
"wikipedia","de","Wirtschaftswunder","all-access","all-agents","daily",2016-07-28,146
"wikipedia","de","Wirtschaftswunder","all-access","all-agents","daily",2016-07-29,150
"wikipedia","de","Wirtschaftswunder","all-access","all-agents","daily",2016-07-30,133
"wikipedia","de","Wirtschaftswunder","all-access","all-agents","daily",2016-07-31,170
"wikipedia","de","Wirtschaftswunder","all-access","all-agents","daily",2016-08-01,170
"wikipedia","de","Wirtschaftswunder","all-access","all-agents","daily",2016-08-02,172
"wikipedia","de","Wirtschaftswunder","all-access","all-agents","daily",2016-08-03,184
"wikipedia","de","Wirtschaftswunder","all-access","all-agents","daily",2016-08-04,169
"wikipedia","de","Wirtschaftswunder","all-access","all-agents","daily",2016-08-05,155
"wikipedia","de","Wirtschaftswunder","all-access","all-agents","daily",2016-08-06,148
"wikipedia","de","Wirtschaftswunder","all-access","all-agents","daily",2016-08-07,227
"wikipedia","de","Wirtschaftswunder","all-access","all-agents","daily",2016-08-08,203
"wikipedia","de","Wirtschaftswunder","all-access","all-agents","daily",2016-08-09,197
"wikipedia","de","Wirtschaftswunder","all-access","all-agents","daily",2016-08-10,181
"wikipedia","de","Wirtschaftswunder","all-access","all-agents","daily",2016-08-11,179
"wikipedia","de","Wirtschaftswunder","all-access","all-agents","daily",2016-08-12,184
"wikipedia","de","Wirtschaftswunder","all-access","all-agents","daily",2016-08-13,175
"wikipedia","de","Wirtschaftswunder","all-access","all-agents","daily",2016-08-14,162
"wikipedia","de","Wirtschaftswunder","all-access","all-agents","daily",2016-08-15,180
"wikipedia","de","Wirtschaftswunder","all-access","all-agents","daily",2016-08-16,219
"wikipedia","de","Wirtschaftswunder","all-access","all-agents","daily",2016-08-17,209
"wikipedia","de","Wirtschaftswunder","all-access","all-agents","daily",2016-08-18,196
"wikipedia","de","Wirtschaftswunder","all-access","all-agents","daily",2016-08-19,195
"wikipedia","de","Wirtschaftswunder","all-access","all-agents","daily",2016-08-20,141
"wikipedia","de","Wirtschaftswunder","all-access","all-agents","daily",2016-08-21,179
"wikipedia","de","Wirtschaftswunder","all-access","all-agents","daily",2016-08-22,225
"wikipedia","de","Wirtschaftswunder","all-access","all-agents","daily",2016-08-23,189
"wikipedia","de","Wirtschaftswunder","all-access","all-agents","daily",2016-08-24,253
"wikipedia","de","Wirtschaftswunder","all-access","all-agents","daily",2016-08-25,199
"wikipedia","de","Wirtschaftswunder","all-access","all-agents","daily",2016-08-26,216
"wikipedia","de","Wirtschaftswunder","all-access","all-agents","daily",2016-08-27,160
"wikipedia","de","Wirtschaftswunder","all-access","all-agents","daily",2016-08-28,211
"wikipedia","de","Wirtschaftswunder","all-access","all-agents","daily",2016-08-29,268
"wikipedia","de","Wirtschaftswunder","all-access","all-agents","daily",2016-08-30,253
"wikipedia","de","Wirtschaftswunder","all-access","all-agents","daily",2016-08-31,253
"wikipedia","de","Wirtschaftswunder","all-access","all-agents","daily",2016-09-01,297
"wikipedia","de","Wirtschaftswunder","all-access","all-agents","daily",2016-09-02,208
"wikipedia","de","Wirtschaftswunder","all-access","all-agents","daily",2016-09-03,172
"wikipedia","de","Wirtschaftswunder","all-access","all-agents","daily",2016-09-04,250
"wikipedia","de","Wirtschaftswunder","all-access","all-agents","daily",2016-09-05,274
"wikipedia","de","Wirtschaftswunder","all-access","all-agents","daily",2016-09-06,325
"wikipedia","de","Wirtschaftswunder","all-access","all-agents","daily",2016-09-07,294
"wikipedia","de","Wirtschaftswunder","all-access","all-agents","daily",2016-09-08,258
"wikipedia","de","Wirtschaftswunder","all-access","all-agents","daily",2016-09-09,241
"wikipedia","de","Wirtschaftswunder","all-access","all-agents","daily",2016-09-10,314
"wikipedia","de","Wirtschaftswunder","all-access","all-agents","daily",2016-09-11,342
"wikipedia","de","Wirtschaftswunder","all-access","all-agents","daily",2016-09-12,349
"wikipedia","de","Wirtschaftswunder","all-access","all-agents","daily",2016-09-13,366
"wikipedia","de","Wirtschaftswunder","all-access","all-agents","daily",2016-09-14,340
"wikipedia","de","Wirtschaftswunder","all-access","all-agents","daily",2016-09-15,302
"wikipedia","de","Wirtschaftswunder","all-access","all-agents","daily",2016-09-16,258
"wikipedia","de","Wirtschaftswunder","all-access","all-agents","daily",2016-09-17,189
"wikipedia","de","Wirtschaftswunder","all-access","all-agents","daily",2016-09-18,324
"wikipedia","de","Wirtschaftswunder","all-access","all-agents","daily",2016-09-19,340
"wikipedia","de","Wirtschaftswunder","all-access","all-agents","daily",2016-09-20,383
"wikipedia","de","Wirtschaftswunder","all-access","all-agents","daily",2016-09-21,357
"wikipedia","de","Wirtschaftswunder","all-access","all-agents","daily",2016-09-22,341
"wikipedia","de","Wirtschaftswunder","all-access","all-agents","daily",2016-09-23,255
"wikipedia","de","Wirtschaftswunder","all-access","all-agents","daily",2016-09-24,188
"wikipedia","de","Wirtschaftswunder","all-access","all-agents","daily",2016-09-25,271
"wikipedia","de","Wirtschaftswunder","all-access","all-agents","daily",2016-09-26,364
"wikipedia","de","Wirtschaftswunder","all-access","all-agents","daily",2016-09-27,385
"wikipedia","de","Wirtschaftswunder","all-access","all-agents","daily",2016-09-28,389
"wikipedia","de","Wirtschaftswunder","all-access","all-agents","daily",2016-09-29,317
"wikipedia","de","Wirtschaftswunder","all-access","all-agents","daily",2016-09-30,243
"wikipedia","de","Wirtschaftswunder","all-access","all-agents","daily",2016-10-01,190
"wikipedia","de","Wirtschaftswunder","all-access","all-agents","daily",2016-10-02,236
"wikipedia","de","Wirtschaftswunder","all-access","all-agents","daily",2016-10-03,329
"wikipedia","de","Wirtschaftswunder","all-access","all-agents","daily",2016-10-04,366
"wikipedia","de","Wirtschaftswunder","all-access","all-agents","daily",2016-10-05,358
"wikipedia","de","Wirtschaftswunder","all-access","all-agents","daily",2016-10-06,283
"wikipedia","de","Wirtschaftswunder","all-access","all-agents","daily",2016-10-07,206
"wikipedia","de","Wirtschaftswunder","all-access","all-agents","daily",2016-10-08,234
"wikipedia","de","Wirtschaftswunder","all-access","all-agents","daily",2016-10-09,240
"wikipedia","de","Wirtschaftswunder","all-access","all-agents","daily",2016-10-10,367
"wikipedia","de","Wirtschaftswunder","all-access","all-agents","daily",2016-10-11,324
"wikipedia","de","Wirtschaftswunder","all-access","all-agents","daily",2016-10-12,315
"wikipedia","de","Wirtschaftswunder","all-access","all-agents","daily",2016-10-13,334
"wikipedia","de","Wirtschaftswunder","all-access","all-agents","daily",2016-10-14,227
"wikipedia","de","Wirtschaftswunder","all-access","all-agents","daily",2016-10-15,158
"wikipedia","de","Wirtschaftswunder","all-access","all-agents","daily",2016-10-16,249
"wikipedia","de","Wirtschaftswunder","all-access","all-agents","daily",2016-10-17,348
"wikipedia","de","Wirtschaftswunder","all-access","all-agents","daily",2016-10-18,320
"wikipedia","de","Wirtschaftswunder","all-access","all-agents","daily",2016-10-19,341
"wikipedia","de","Wirtschaftswunder","all-access","all-agents","daily",2016-10-20,280
"wikipedia","de","Wirtschaftswunder","all-access","all-agents","daily",2016-10-21,235
"wikipedia","de","Wirtschaftswunder","all-access","all-agents","daily",2016-10-22,213
"wikipedia","de","Wirtschaftswunder","all-access","all-agents","daily",2016-10-23,291
"wikipedia","de","Wirtschaftswunder","all-access","all-agents","daily",2016-10-24,365
"wikipedia","de","Wirtschaftswunder","all-access","all-agents","daily",2016-10-25,355
"wikipedia","de","Wirtschaftswunder","all-access","all-agents","daily",2016-10-26,471
"wikipedia","de","Wirtschaftswunder","all-access","all-agents","daily",2016-10-27,415
"wikipedia","de","Wirtschaftswunder","all-access","all-agents","daily",2016-10-28,250
"wikipedia","de","Wirtschaftswunder","all-access","all-agents","daily",2016-10-29,237
"wikipedia","de","Wirtschaftswunder","all-access","all-agents","daily",2016-10-30,390
"wikipedia","de","Wirtschaftswunder","all-access","all-agents","daily",2016-10-31,380
"wikipedia","de","Wirtschaftswunder","all-access","all-agents","daily",2016-11-01,656
"wikipedia","de","Wirtschaftswunder","all-access","all-agents","daily",2016-11-02,545
"wikipedia","de","Wirtschaftswunder","all-access","all-agents","daily",2016-11-03,472
"wikipedia","de","Wirtschaftswunder","all-access","all-agents","daily",2016-11-04,342
"wikipedia","de","Wirtschaftswunder","all-access","all-agents","daily",2016-11-05,300
"wikipedia","de","Wirtschaftswunder","all-access","all-agents","daily",2016-11-06,480
"wikipedia","de","Wirtschaftswunder","all-access","all-agents","daily",2016-11-07,576
"wikipedia","de","Wirtschaftswunder","all-access","all-agents","daily",2016-11-08,509
"wikipedia","de","Wirtschaftswunder","all-access","all-agents","daily",2016-11-09,503
"wikipedia","de","Wirtschaftswunder","all-access","all-agents","daily",2016-11-10,434
"wikipedia","de","Wirtschaftswunder","all-access","all-agents","daily",2016-11-11,342
"wikipedia","de","Wirtschaftswunder","all-access","all-agents","daily",2016-11-12,256
"wikipedia","de","Wirtschaftswunder","all-access","all-agents","daily",2016-11-13,466
"wikipedia","de","Wirtschaftswunder","all-access","all-agents","daily",2016-11-14,455
"wikipedia","de","Wirtschaftswunder","all-access","all-agents","daily",2016-11-15,454
"wikipedia","de","Wirtschaftswunder","all-access","all-agents","daily",2016-11-16,553
"wikipedia","de","Wirtschaftswunder","all-access","all-agents","daily",2016-11-17,424
"wikipedia","de","Wirtschaftswunder","all-access","all-agents","daily",2016-11-18,376
"wikipedia","de","Wirtschaftswunder","all-access","all-agents","daily",2016-11-19,304
"wikipedia","de","Wirtschaftswunder","all-access","all-agents","daily",2016-11-20,459
"wikipedia","de","Wirtschaftswunder","all-access","all-agents","daily",2016-11-21,543
"wikipedia","de","Wirtschaftswunder","all-access","all-agents","daily",2016-11-22,551
"wikipedia","de","Wirtschaftswunder","all-access","all-agents","daily",2016-11-23,644
"wikipedia","de","Wirtschaftswunder","all-access","all-agents","daily",2016-11-24,503
"wikipedia","de","Wirtschaftswunder","all-access","all-agents","daily",2016-11-25,306
"wikipedia","de","Wirtschaftswunder","all-access","all-agents","daily",2016-11-26,287
"wikipedia","de","Wirtschaftswunder","all-access","all-agents","daily",2016-11-27,462
"wikipedia","de","Wirtschaftswunder","all-access","all-agents","daily",2016-11-28,515
"wikipedia","de","Wirtschaftswunder","all-access","all-agents","daily",2016-11-29,526
"wikipedia","de","Wirtschaftswunder","all-access","all-agents","daily",2016-11-30,545
"wikipedia","de","Wirtschaftswunder","all-access","all-agents","daily",2016-12-01,573
"wikipedia","de","Wirtschaftswunder","all-access","all-agents","daily",2016-12-02,365
"wikipedia","de","Wirtschaftswunder","all-access","all-agents","daily",2016-12-03,284
"wikipedia","de","Wirtschaftswunder","all-access","all-agents","daily",2016-12-04,583
"wikipedia","de","Wirtschaftswunder","all-access","all-agents","daily",2016-12-05,569
"wikipedia","de","Wirtschaftswunder","all-access","all-agents","daily",2016-12-06,516
"wikipedia","de","Wirtschaftswunder","all-access","all-agents","daily",2016-12-07,672
"wikipedia","de","Wirtschaftswunder","all-access","all-agents","daily",2016-12-08,460
"wikipedia","de","Wirtschaftswunder","all-access","all-agents","daily",2016-12-09,346
"wikipedia","de","Wirtschaftswunder","all-access","all-agents","daily",2016-12-10,243
"wikipedia","de","Wirtschaftswunder","all-access","all-agents","daily",2016-12-11,456
"wikipedia","de","Wirtschaftswunder","all-access","all-agents","daily",2016-12-12,585
"wikipedia","de","Wirtschaftswunder","all-access","all-agents","daily",2016-12-13,502
"wikipedia","de","Wirtschaftswunder","all-access","all-agents","daily",2016-12-14,501
"wikipedia","de","Wirtschaftswunder","all-access","all-agents","daily",2016-12-15,491
"wikipedia","de","Wirtschaftswunder","all-access","all-agents","daily",2016-12-16,277
"wikipedia","de","Wirtschaftswunder","all-access","all-agents","daily",2016-12-17,235
"wikipedia","de","Wirtschaftswunder","all-access","all-agents","daily",2016-12-18,358
"wikipedia","de","Wirtschaftswunder","all-access","all-agents","daily",2016-12-19,366
"wikipedia","de","Wirtschaftswunder","all-access","all-agents","daily",2016-12-20,397
"wikipedia","de","Wirtschaftswunder","all-access","all-agents","daily",2016-12-21,302
"wikipedia","de","Wirtschaftswunder","all-access","all-agents","daily",2016-12-22,181
"wikipedia","de","Wirtschaftswunder","all-access","all-agents","daily",2016-12-23,144
"wikipedia","de","Wirtschaftswunder","all-access","all-agents","daily",2016-12-24,129
"wikipedia","de","Wirtschaftswunder","all-access","all-agents","daily",2016-12-25,145
"wikipedia","de","Wirtschaftswunder","all-access","all-agents","daily",2016-12-26,146
"wikipedia","de","Wirtschaftswunder","all-access","all-agents","daily",2016-12-27,191
"wikipedia","de","Wirtschaftswunder","all-access","all-agents","daily",2016-12-28,208
"wikipedia","de","Wirtschaftswunder","all-access","all-agents","daily",2016-12-29,186
"wikipedia","de","Wirtschaftswunder","all-access","all-agents","daily",2016-12-30,178
"wikipedia","de","Wirtschaftswunder","all-access","all-agents","daily",2016-12-31,169
"wikipedia","de","Wirtschaftswunder","all-access","all-agents","daily",2017-01-01,169
"wikipedia","de","Wirtschaftswunder","all-access","all-agents","daily",2017-01-02,288
"wikipedia","de","Wirtschaftswunder","all-access","all-agents","daily",2017-01-03,342
"wikipedia","de","Wirtschaftswunder","all-access","all-agents","daily",2017-01-04,324
"wikipedia","de","Wirtschaftswunder","all-access","all-agents","daily",2017-01-05,342
"wikipedia","de","Wirtschaftswunder","all-access","all-agents","daily",2017-01-06,325
"wikipedia","de","Wirtschaftswunder","all-access","all-agents","daily",2017-01-07,325
"wikipedia","de","Wirtschaftswunder","all-access","all-agents","daily",2017-01-08,474
"wikipedia","de","Wirtschaftswunder","all-access","all-agents","daily",2017-01-09,463
"wikipedia","de","Wirtschaftswunder","all-access","all-agents","daily",2017-01-10,495
"wikipedia","de","Wirtschaftswunder","all-access","all-agents","daily",2017-01-11,473
"wikipedia","de","Wirtschaftswunder","all-access","all-agents","daily",2017-01-12,448
"wikipedia","de","Wirtschaftswunder","all-access","all-agents","daily",2017-01-13,453
"wikipedia","de","Wirtschaftswunder","all-access","all-agents","daily",2017-01-14,280
"wikipedia","de","Wirtschaftswunder","all-access","all-agents","daily",2017-01-15,446
"wikipedia","de","Wirtschaftswunder","all-access","all-agents","daily",2017-01-16,527
"wikipedia","de","Wirtschaftswunder","all-access","all-agents","daily",2017-01-17,532
"wikipedia","de","Wirtschaftswunder","all-access","all-agents","daily",2017-01-18,558
"wikipedia","de","Wirtschaftswunder","all-access","all-agents","daily",2017-01-19,564
"wikipedia","de","Wirtschaftswunder","all-access","all-agents","daily",2017-01-20,332
"wikipedia","de","Wirtschaftswunder","all-access","all-agents","daily",2017-01-21,312
"wikipedia","de","Wirtschaftswunder","all-access","all-agents","daily",2017-01-22,438
"wikipedia","de","Wirtschaftswunder","all-access","all-agents","daily",2017-01-23,485
"wikipedia","de","Wirtschaftswunder","all-access","all-agents","daily",2017-01-24,478
"wikipedia","de","Wirtschaftswunder","all-access","all-agents","daily",2017-01-25,431
"wikipedia","de","Wirtschaftswunder","all-access","all-agents","daily",2017-01-26,462
"wikipedia","de","Wirtschaftswunder","all-access","all-agents","daily",2017-01-27,318
"wikipedia","de","Wirtschaftswunder","all-access","all-agents","daily",2017-01-28,302
"wikipedia","de","Wirtschaftswunder","all-access","all-agents","daily",2017-01-29,383
"wikipedia","de","Wirtschaftswunder","all-access","all-agents","daily",2017-01-30,463
"wikipedia","de","Wirtschaftswunder","all-access","all-agents","daily",2017-01-31,447
"wikipedia","de","Wirtschaftswunder","all-access","all-agents","daily",2017-02-01,418
"wikipedia","de","Wirtschaftswunder","all-access","all-agents","daily",2017-02-02,440
"wikipedia","de","Wirtschaftswunder","all-access","all-agents","daily",2017-02-03,275
"wikipedia","de","Wirtschaftswunder","all-access","all-agents","daily",2017-02-04,225
"wikipedia","de","Wirtschaftswunder","all-access","all-agents","daily",2017-02-05,361
"wikipedia","de","Wirtschaftswunder","all-access","all-agents","daily",2017-02-06,469
"wikipedia","de","Wirtschaftswunder","all-access","all-agents","daily",2017-02-07,425
"wikipedia","de","Wirtschaftswunder","all-access","all-agents","daily",2017-02-08,433
"wikipedia","de","Wirtschaftswunder","all-access","all-agents","daily",2017-02-09,435
"wikipedia","de","Wirtschaftswunder","all-access","all-agents","daily",2017-02-10,312
"wikipedia","de","Wirtschaftswunder","all-access","all-agents","daily",2017-02-11,288
"wikipedia","de","Wirtschaftswunder","all-access","all-agents","daily",2017-02-12,423
"wikipedia","de","Wirtschaftswunder","all-access","all-agents","daily",2017-02-13,502
"wikipedia","de","Wirtschaftswunder","all-access","all-agents","daily",2017-02-14,435
"wikipedia","de","Wirtschaftswunder","all-access","all-agents","daily",2017-02-15,461
"wikipedia","de","Wirtschaftswunder","all-access","all-agents","daily",2017-02-16,401
"wikipedia","de","Wirtschaftswunder","all-access","all-agents","daily",2017-02-17,296
"wikipedia","de","Wirtschaftswunder","all-access","all-agents","daily",2017-02-18,271
"wikipedia","de","Wirtschaftswunder","all-access","all-agents","daily",2017-02-19,456
"wikipedia","de","Wirtschaftswunder","all-access","all-agents","daily",2017-02-20,464
"wikipedia","de","Wirtschaftswunder","all-access","all-agents","daily",2017-02-21,557
"wikipedia","de","Wirtschaftswunder","all-access","all-agents","daily",2017-02-22,448
"wikipedia","de","Wirtschaftswunder","all-access","all-agents","daily",2017-02-23,380
"wikipedia","de","Wirtschaftswunder","all-access","all-agents","daily",2017-02-24,315
"wikipedia","de","Wirtschaftswunder","all-access","all-agents","daily",2017-02-25,240
"wikipedia","de","Wirtschaftswunder","all-access","all-agents","daily",2017-02-26,341
"wikipedia","de","Wirtschaftswunder","all-access","all-agents","daily",2017-02-27,406
"wikipedia","de","Wirtschaftswunder","all-access","all-agents","daily",2017-02-28,472
"wikipedia","de","Wirtschaftswunder","all-access","all-agents","daily",2017-03-01,478
"wikipedia","de","Wirtschaftswunder","all-access","all-agents","daily",2017-03-02,408
"wikipedia","de","Wirtschaftswunder","all-access","all-agents","daily",2017-03-03,366
"wikipedia","de","Wirtschaftswunder","all-access","all-agents","daily",2017-03-04,268
"wikipedia","de","Wirtschaftswunder","all-access","all-agents","daily",2017-03-05,458
"wikipedia","de","Wirtschaftswunder","all-access","all-agents","daily",2017-03-06,523
"wikipedia","de","Wirtschaftswunder","all-access","all-agents","daily",2017-03-07,566
"wikipedia","de","Wirtschaftswunder","all-access","all-agents","daily",2017-03-08,534
"wikipedia","de","Wirtschaftswunder","all-access","all-agents","daily",2017-03-09,530
"wikipedia","de","Wirtschaftswunder","all-access","all-agents","daily",2017-03-10,394
"wikipedia","de","Wirtschaftswunder","all-access","all-agents","daily",2017-03-11,326
"wikipedia","de","Wirtschaftswunder","all-access","all-agents","daily",2017-03-12,477
"wikipedia","de","Wirtschaftswunder","all-access","all-agents","daily",2017-03-13,553
"wikipedia","de","Wirtschaftswunder","all-access","all-agents","daily",2017-03-14,537
"wikipedia","de","Wirtschaftswunder","all-access","all-agents","daily",2017-03-15,537
"wikipedia","de","Wirtschaftswunder","all-access","all-agents","daily",2017-03-16,455
"wikipedia","de","Wirtschaftswunder","all-access","all-agents","daily",2017-03-17,353
"wikipedia","de","Wirtschaftswunder","all-access","all-agents","daily",2017-03-18,349
"wikipedia","de","Wirtschaftswunder","all-access","all-agents","daily",2017-03-19,479
"wikipedia","de","Wirtschaftswunder","all-access","all-agents","daily",2017-03-20,557
"wikipedia","de","Wirtschaftswunder","all-access","all-agents","daily",2017-03-21,607
"wikipedia","de","Wirtschaftswunder","all-access","all-agents","daily",2017-03-22,478
"wikipedia","de","Wirtschaftswunder","all-access","all-agents","daily",2017-03-23,510
"wikipedia","de","Wirtschaftswunder","all-access","all-agents","daily",2017-03-24,355
"wikipedia","de","Wirtschaftswunder","all-access","all-agents","daily",2017-03-25,272
"wikipedia","de","Wirtschaftswunder","all-access","all-agents","daily",2017-03-26,411
"wikipedia","de","Wirtschaftswunder","all-access","all-agents","daily",2017-03-27,469
"wikipedia","de","Wirtschaftswunder","all-access","all-agents","daily",2017-03-28,526
"wikipedia","de","Wirtschaftswunder","all-access","all-agents","daily",2017-03-29,531
"wikipedia","de","Wirtschaftswunder","all-access","all-agents","daily",2017-03-30,475
"wikipedia","de","Wirtschaftswunder","all-access","all-agents","daily",2017-03-31,273
"wikipedia","de","Wirtschaftswunder","all-access","all-agents","daily",2017-04-01,212
